dataset,id,kpam
sa_clusts,0,3-50
sa_clusts,1,5-5
sa_clusts,2,3-3
sa_clusts,3,3-3
sa_clusts,4,3-3
sa_clusts,5,3-3
sa_clusts,6,3-3
sa_clusts,7,3-3
sa_ddif,0,3-50
sa_ddif,1,3-3
sa_ddif,2,3-50
sa_ddif,3,10-10
sa_ddif,4,3-50
sa_ddif,5,20-20
sa_ddif,6,3-3
sa_ddif,7,3-50
sa_dim,0,5-5
sa_dim,1,50-50
sa_dim,2,3-10
sa_dim,3,3-50
sa_dim,4,3-3
sa_dim,5,3-50
sa_dim,6,3-50
sa_dim,7,3-50
sa_loc,0,3-3
sa_loc,1,3-3
sa_loc,2,3-3
sa_loc,3,3-3
sa_loc,4,3-3
sa_loc,5,3-3
sa_loc,6,3-3
sa_loc,7,3-3
sa_mdens,0,50-50
sa_mdens,1,20-20
sa_mdens,2,20-20
sa_mdens,3,20-20
sa_mdens,4,50-50
sa_mdens,5,50-50
sa_mdens,6,50-50
sa_mdens,7,50-50
sa_outr,0,20-20
sa_outr,1,5-50
sa_outr,2,10-10
sa_outr,3,5-5
sa_outr,4,50-50
sa_outr,5,10-50
sa_outr,6,50-50
sa_outr,7,50-50
sa_size,0,3-3
sa_size,1,50-50
sa_size,2,50-50
sa_size,3,50-50
sa_size,4,20-20
sa_size,5,50-50
sa_size,6,50-50
sa_size,7,20-20
