dataset,KFCS,KFCR
sa_ddif2,3,41
sa_loc3,49,47
sa_mdens7,16,8
sa_outr0,49,45
sa_loc1,34,49
sa_ddif7,49,48
sa_loc5,36,42
sa_outr2,23,47
sa_size5,10,6
sa_mdens3,28,45
sa_ddif0,9,44
sa_clusts5,11,49
sa_outr3,27,49
sa_clusts1,9,46
sa_dim2,8,48
sa_dim4,49,46
sa_dim1,7,49
sa_mdens0,19,14
sa_size0,7,45
sa_size7,11,6
sa_clusts2,9,48
sa_loc0,46,44
sa_outr7,14,48
sa_clusts4,5,48
sa_size2,6,8
sa_mdens1,13,10
sa_size6,10,6
sa_dim0,8,45
sa_dim6,49,49
sa_ddif6,3,29
sa_ddif4,8,42
sa_loc6,49,32
sa_dim7,45,34
sa_clusts7,10,48
sa_mdens2,20,4
sa_loc7,49,48
sa_loc2,33,28
sa_outr6,11,47
sa_dim3,49,37
sa_mdens4,31,48
sa_clusts6,5,49
sa_clusts0,5,48
sa_size1,9,4
sa_clusts3,9,49
sa_dim5,49,49
sa_mdens5,22,46
sa_ddif1,6,46
sa_ddif3,6,43
sa_outr5,41,34
sa_outr4,6,45
sa_size3,5,6
sa_outr1,11,49
sa_ddif5,3,41
sa_size4,10,6
sa_loc4,49,22
sa_mdens6,29,44
